PM2.5,PM10,NO2,SO2,CO,O3,AQI,AQI_Category
51.15,154.75,186.42,122.74,12.0,78.21,124,Unhealthy for Sensitive Groups
135.45,267.39,367.21,198.34,14.47,100.24,173,Unhealthy
97.03,262.08,396.83,247.47,13.0,95.33,168,Unhealthy
84.98,286.16,637.2,229.18,15.37,101.08,160,Unhealthy
51.39,241.32,331.22,152.14,9.8,75.59,108,Unhealthy for Sensitive Groups
101.88,333.84,443.55,213.19,13.87,97.5,192,Unhealthy
105.98,318.92,534.33,271.11,14.57,88.12,170,Unhealthy
37.79,221.35,270.68,142.83,12.31,81.56,141,Unhealthy for Sensitive Groups
180.72,415.22,768.83,523.5,26.15,120.65,280,Very Unhealthy
11.5,5.14,27.83,7.25,4.14,24.91,16,Good
186.38,408.87,759.48,329.8,19.87,112.56,273,Very Unhealthy
3.52,17.17,22.68,32.04,1.74,29.41,26,Good
87.56,307.93,471.06,221.09,14.4,91.42,200,Unhealthy
325.59,582.11,1522.36,662.37,32.6,438.21,351,Hazardous
460.69,595.01,1527.9,853.15,37.09,496.8,457,Hazardous
213.5,366.21,736.16,508.87,15.56,127.0,279,Very Unhealthy
21.91,142.99,60.98,69.38,8.32,67.71,66,Moderate
220.19,385.87,759.36,361.58,21.84,128.53,234,Very Unhealthy
160.91,416.7,662.59,512.52,28.61,130.68,300,Very Unhealthy
34.35,57.86,82.13,49.95,5.97,68.97,52,Moderate
35.66,241.53,147.79,118.2,11.96,73.8,150,Unhealthy for Sensitive Groups
1.98,8.51,45.16,0.17,1.41,27.23,39,Good
16.32,115.89,73.67,52.93,7.46,67.96,73,Moderate
37.73,212.81,133.51,168.36,9.86,74.48,118,Unhealthy for Sensitive Groups
21.03,67.12,90.03,35.44,7.0,69.93,93,Moderate
31.68,102.11,88.07,39.11,7.06,65.35,62,Moderate
8.4,7.27,46.98,11.29,1.14,18.15,5,Good
309.95,588.22,2014.51,772.3,38.95,354.59,417,Hazardous
255.92,506.43,1928.25,747.38,38.99,432.25,311,Hazardous
460.19,570.87,1679.03,663.49,43.29,248.12,414,Hazardous
32.99,82.94,68.33,52.8,5.71,55.74,74,Moderate
0.99,50.54,44.32,14.58,0.44,36.3,25,Good
137.35,318.71,364.07,199.14,13.64,91.82,176,Unhealthy
52.41,196.01,144.18,77.91,11.96,77.02,115,Unhealthy for Sensitive Groups
33.54,84.58,67.25,69.38,7.54,61.69,81,Moderate
2.36,24.76,52.04,25.38,4.37,15.61,49,Good
99.34,339.6,422.54,213.12,15.14,86.94,172,Unhealthy
39.33,160.64,115.0,97.29,12.15,78.35,125,Unhealthy for Sensitive Groups
465.9,506.03,1685.03,892.38,34.49,479.54,360,Hazardous
1.37,32.1,33.73,13.89,2.27,37.88,3,Good
29.94,73.55,96.32,56.22,4.59,64.47,84,Moderate
4.34,52.9,22.87,25.98,1.22,11.82,40,Good
31.37,131.18,87.92,40.59,8.76,61.25,100,Moderate
390.37,574.95,1302.05,807.9,42.35,225.28,303,Hazardous
21.14,80.47,82.23,55.8,7.71,63.33,65,Moderate
32.04,138.78,74.03,72.7,8.52,64.03,51,Moderate
291.4,598.42,1897.7,774.22,31.11,287.14,367,Hazardous
131.98,320.9,593.0,193.13,13.77,101.25,172,Unhealthy
38.97,158.57,265.24,110.43,11.19,78.48,143,Unhealthy for Sensitive Groups
198.64,406.74,741.92,403.36,16.92,198.4,236,Very Unhealthy
38.24,200.91,356.51,173.2,11.69,84.16,112,Unhealthy for Sensitive Groups
154.39,358.39,656.35,583.5,23.62,114.08,220,Very Unhealthy
20.66,115.35,60.95,51.69,5.73,55.78,82,Moderate
40.19,225.61,101.13,125.04,11.64,81.61,122,Unhealthy for Sensitive Groups
10.72,51.6,2.74,16.27,2.92,28.7,42,Good
8.94,7.58,49.17,32.36,2.69,30.34,6,Good
106.76,323.52,380.57,255.06,13.3,92.47,172,Unhealthy
4.45,37.49,35.28,19.36,0.02,35.64,27,Good
22.71,106.94,63.35,47.01,4.56,56.0,74,Moderate
230.07,392.89,1040.84,427.49,19.75,133.36,282,Very Unhealthy
24.3,73.19,79.74,46.4,4.74,58.86,81,Moderate
8.46,12.78,4.86,29.85,0.93,15.31,42,Good
38.5,235.49,358.96,92.34,12.06,82.99,143,Unhealthy for Sensitive Groups
33.75,128.52,66.35,70.72,5.21,68.47,64,Moderate
90.56,336.82,575.65,291.21,12.79,93.92,172,Unhealthy
62.66,257.35,381.65,289.47,14.59,100.8,180,Unhealthy
121.01,331.08,441.83,273.36,13.22,97.63,155,Unhealthy
235.49,393.41,918.01,547.56,27.27,166.19,234,Very Unhealthy
2.58,2.99,21.41,4.79,3.27,47.26,45,Good
50.3,170.86,116.55,86.39,10.08,78.15,111,Unhealthy for Sensitive Groups
3.27,34.54,44.38,27.43,0.49,21.06,31,Good
54.74,215.03,350.79,129.07,11.23,78.6,137,Unhealthy for Sensitive Groups
51.72,233.09,150.71,90.21,11.81,74.1,148,Unhealthy for Sensitive Groups
126.58,326.37,396.01,286.2,12.4,86.32,172,Unhealthy
14.7,148.93,63.18,48.59,8.01,60.39,53,Moderate
13.04,70.98,56.65,41.02,9.05,56.08,77,Moderate
144.72,309.97,413.97,187.31,12.4,92.5,192,Unhealthy
8.04,5.89,33.39,30.29,2.26,6.79,3,Good
42.71,215.04,174.96,104.54,10.28,80.77,147,Unhealthy for Sensitive Groups
14.17,80.46,74.0,40.67,6.61,59.46,98,Moderate
116.92,344.86,562.3,188.55,12.63,93.79,158,Unhealthy
6.71,15.37,34.41,28.26,3.81,21.58,15,Good
13.86,76.52,77.54,43.78,7.23,57.25,69,Moderate
3.65,8.3,49.85,34.96,3.51,37.01,34,Good
32.68,153.41,76.46,59.58,9.14,56.01,94,Moderate
44.94,249.77,323.19,160.12,9.74,75.33,130,Unhealthy for Sensitive Groups
342.09,471.91,1983.74,850.5,40.3,408.16,347,Hazardous
108.69,317.88,360.88,205.82,13.37,94.33,185,Unhealthy
188.75,395.44,951.53,435.33,24.0,111.54,271,Very Unhealthy
13.78,72.88,75.63,50.11,4.74,65.38,76,Moderate
25.64,128.94,72.19,62.2,6.1,56.59,82,Moderate
43.4,197.13,125.36,135.83,11.08,73.94,128,Unhealthy for Sensitive Groups
42.11,170.1,186.13,152.84,9.73,82.91,141,Unhealthy for Sensitive Groups
29.1,69.44,83.95,58.98,4.94,62.44,90,Moderate
188.74,375.14,1226.62,346.66,22.42,155.67,212,Very Unhealthy
44.29,218.98,260.62,179.95,10.39,82.51,108,Unhealthy for Sensitive Groups
249.97,407.41,992.49,387.14,26.59,158.89,219,Very Unhealthy
1.94,28.28,30.34,26.32,0.72,25.95,26,Good
9.18,7.77,15.97,2.97,2.51,33.78,29,Good
224.18,374.62,686.28,364.36,16.37,115.14,251,Very Unhealthy
78.81,255.94,630.14,204.7,12.81,98.52,181,Unhealthy
26.21,81.41,95.57,35.65,8.26,65.8,81,Moderate
315.14,431.69,1642.29,891.78,40.49,284.54,424,Hazardous
23.97,147.0,59.63,57.01,4.89,62.33,98,Moderate
80.04,346.32,409.67,293.92,12.67,92.61,176,Unhealthy
71.89,275.93,567.5,227.76,13.47,93.6,174,Unhealthy
52.64,205.79,148.4,129.5,10.28,77.5,108,Unhealthy for Sensitive Groups
283.42,578.3,1729.26,942.42,44.59,265.19,370,Hazardous
3.81,18.02,19.43,3.87,2.44,44.24,19,Good
428.89,475.57,1429.96,788.08,46.42,263.32,403,Hazardous
42.87,190.52,279.11,130.71,11.91,80.93,112,Unhealthy for Sensitive Groups
215.56,411.95,710.76,510.35,25.46,186.28,208,Very Unhealthy
388.17,581.8,1446.53,634.04,37.98,318.73,470,Hazardous
155.34,407.12,824.96,420.3,23.64,115.92,237,Very Unhealthy
8.67,2.66,25.13,14.71,1.73,41.29,12,Good
52.76,200.28,166.01,132.01,12.35,79.38,150,Unhealthy for Sensitive Groups
9.26,20.32,48.62,34.46,0.67,9.47,17,Good
469.36,590.29,1676.84,784.9,38.46,342.41,355,Hazardous
40.44,220.68,287.56,115.34,11.52,73.34,101,Unhealthy for Sensitive Groups
31.2,137.41,95.76,54.01,7.39,63.93,73,Moderate
198.67,406.24,1199.77,346.42,27.93,163.93,271,Very Unhealthy
43.45,227.91,136.74,163.86,10.99,78.85,129,Unhealthy for Sensitive Groups
59.09,293.64,596.9,300.35,13.8,95.64,174,Unhealthy
27.37,153.88,68.61,59.59,6.64,67.46,77,Moderate
25.67,128.8,63.15,59.14,8.27,60.54,78,Moderate
45.5,245.4,181.15,148.37,10.94,73.31,121,Unhealthy for Sensitive Groups
42.03,214.63,145.18,136.25,11.57,74.17,134,Unhealthy for Sensitive Groups
52.63,212.78,353.61,136.18,10.41,81.58,127,Unhealthy for Sensitive Groups
220.38,376.33,1166.6,549.61,24.17,180.05,266,Very Unhealthy
184.14,369.63,914.37,508.54,29.13,190.96,290,Very Unhealthy
50.41,163.81,342.27,146.28,10.71,74.83,110,Unhealthy for Sensitive Groups
208.22,392.68,878.13,583.74,20.29,181.24,237,Very Unhealthy
24.01,100.09,56.35,38.0,5.75,65.28,85,Moderate
316.05,493.89,1769.13,640.47,43.16,247.4,395,Hazardous
52.86,223.73,345.43,99.53,10.85,81.6,148,Unhealthy for Sensitive Groups
9.37,40.28,9.73,12.18,2.07,36.44,24,Good
7.01,49.48,45.4,17.95,0.43,35.83,22,Good
27.65,81.26,89.2,43.11,9.04,59.31,97,Moderate
2.34,49.94,42.48,14.41,0.08,16.33,28,Good
10.24,2.88,6.32,34.92,4.31,23.97,21,Good
9.99,32.72,14.35,21.77,0.41,1.07,30,Good
20.51,129.18,77.99,72.18,9.37,67.53,82,Moderate
73.37,324.68,519.19,218.16,15.22,93.55,176,Unhealthy
12.83,85.43,90.44,50.13,9.24,58.56,76,Moderate
210.08,362.69,893.13,459.51,24.48,139.05,295,Very Unhealthy
418.26,548.99,1514.93,960.63,39.47,464.37,320,Hazardous
165.37,382.95,1025.15,537.73,26.68,107.43,234,Very Unhealthy
34.59,100.75,86.37,67.98,5.94,65.86,91,Moderate
228.31,399.04,769.87,401.71,24.73,190.66,278,Very Unhealthy
23.11,105.89,76.12,39.35,6.66,57.97,81,Moderate
112.79,272.65,507.04,262.75,13.88,102.24,164,Unhealthy
8.72,26.58,31.08,1.7,2.16,23.56,1,Good
454.32,445.02,1253.34,728.64,41.98,320.68,305,Hazardous
39.83,227.64,198.28,128.19,11.86,73.66,122,Unhealthy for Sensitive Groups
397.13,547.81,1342.18,658.43,48.97,390.68,381,Hazardous
42.88,185.77,163.56,82.9,9.42,83.46,122,Unhealthy for Sensitive Groups
28.28,97.25,57.08,62.5,4.92,68.98,65,Moderate
98.05,323.04,530.3,243.23,12.95,97.73,157,Unhealthy
8.02,7.89,30.34,9.62,3.26,51.46,17,Good
190.28,375.12,818.06,323.06,26.04,111.0,262,Very Unhealthy
46.59,201.29,200.89,176.96,12.39,80.14,121,Unhealthy for Sensitive Groups
194.21,376.14,722.45,564.62,18.96,179.69,287,Very Unhealthy
83.06,344.52,591.26,277.62,13.25,100.74,171,Unhealthy
95.42,283.5,458.33,279.96,12.61,104.57,165,Unhealthy
150.69,397.5,848.26,342.75,21.8,173.64,234,Very Unhealthy
96.05,285.8,589.2,185.27,14.06,95.63,159,Unhealthy
25.05,135.2,79.05,68.83,5.69,56.86,97,Moderate
149.65,333.57,534.77,220.91,15.05,98.13,170,Unhealthy
14.92,137.51,92.0,51.57,9.01,62.31,62,Moderate
31.09,79.3,63.45,36.89,9.4,65.23,78,Moderate
24.43,117.93,99.7,45.63,9.33,65.19,52,Moderate
41.83,154.1,169.5,86.58,11.09,71.75,115,Unhealthy for Sensitive Groups
5.47,25.81,3.82,34.81,3.37,8.31,10,Good
459.01,500.66,1605.03,830.37,44.68,375.23,470,Hazardous
39.78,156.42,153.37,144.13,11.43,75.87,104,Unhealthy for Sensitive Groups
19.38,75.09,77.76,38.63,4.86,63.88,92,Moderate
32.11,77.6,69.43,71.24,7.41,61.39,53,Moderate
15.76,140.72,96.33,59.55,4.61,57.25,82,Moderate
198.5,364.47,651.67,520.47,18.37,160.34,280,Very Unhealthy
68.24,301.93,607.6,201.43,12.64,90.93,157,Unhealthy
52.5,252.67,221.03,128.57,9.79,81.53,132,Unhealthy for Sensitive Groups
145.62,349.1,648.5,221.29,13.31,94.49,184,Unhealthy
34.88,98.12,68.08,42.46,5.48,57.9,73,Moderate
50.69,222.4,240.85,119.72,9.73,84.47,101,Unhealthy for Sensitive Groups
212.67,397.58,1222.8,419.44,17.62,177.76,273,Very Unhealthy
5.79,39.19,8.68,10.57,0.53,22.94,25,Good
14.08,94.2,99.94,54.19,7.01,63.06,93,Moderate
27.48,139.1,93.42,72.2,5.03,66.01,54,Moderate
379.43,597.41,1742.01,681.94,48.56,297.62,313,Hazardous
123.16,264.24,600.54,276.7,13.79,100.4,176,Unhealthy
382.29,579.02,1759.68,787.98,35.98,369.73,416,Hazardous
172.78,411.78,1100.04,469.83,25.33,156.41,253,Very Unhealthy
148.96,325.2,368.81,294.39,14.71,87.64,193,Unhealthy
3.72,23.88,32.88,24.78,1.24,39.68,19,Good
12.11,128.73,94.53,56.98,7.47,57.71,98,Moderate
48.32,172.38,120.67,87.04,10.92,73.79,114,Unhealthy for Sensitive Groups
12.81,118.23,74.18,48.79,4.87,63.79,74,Moderate
13.21,75.55,94.15,67.11,6.11,63.97,86,Moderate
91.71,312.61,392.8,301.48,12.77,87.58,171,Unhealthy
6.68,47.25,33.64,4.7,2.68,34.14,3,Good
8.2,5.72,42.45,28.07,1.12,21.77,13,Good
44.2,201.18,297.87,113.65,11.79,84.65,113,Unhealthy for Sensitive Groups
56.34,279.52,476.46,239.51,15.33,86.69,183,Unhealthy
48.97,155.18,114.8,127.87,12.18,74.89,101,Unhealthy for Sensitive Groups
165.91,396.85,1000.04,536.41,20.86,157.75,234,Very Unhealthy
47.54,219.51,244.3,83.23,12.01,80.08,144,Unhealthy for Sensitive Groups
4.45,22.6,35.52,0.32,2.12,46.48,22,Good
282.07,535.76,1480.04,742.28,31.15,368.68,319,Hazardous
38.32,162.84,112.34,181.29,11.85,76.93,136,Unhealthy for Sensitive Groups
219.11,414.33,1142.12,316.25,22.22,111.05,265,Very Unhealthy
6.64,8.94,37.09,25.12,3.98,52.71,9,Good
5.89,51.78,29.47,3.92,3.72,42.52,49,Good
369.45,463.78,1667.77,1000.25,44.94,262.96,444,Hazardous
173.79,355.6,803.87,419.26,20.65,111.95,272,Very Unhealthy
111.37,263.55,380.42,255.87,14.64,91.64,171,Unhealthy
26.08,140.18,98.22,55.61,7.68,65.78,70,Moderate
87.76,330.79,558.22,215.59,12.88,96.77,153,Unhealthy
14.72,81.28,74.13,72.0,4.87,55.36,96,Moderate
378.43,437.55,1705.39,621.26,32.61,486.66,355,Hazardous
70.35,299.09,631.65,190.35,12.72,87.24,194,Unhealthy
18.58,81.62,85.08,70.4,7.34,58.71,83,Moderate
66.78,345.88,602.83,287.87,14.35,104.37,170,Unhealthy
292.33,580.8,1503.27,649.37,34.09,207.82,432,Hazardous
1.68,23.0,32.66,1.04,4.23,13.32,8,Good
233.99,397.8,1029.51,322.88,20.08,188.33,271,Very Unhealthy
10.3,27.04,41.41,31.62,3.92,6.97,38,Good
42.21,182.36,315.02,130.33,10.39,72.26,109,Unhealthy for Sensitive Groups
30.41,80.6,63.84,74.51,7.07,64.86,58,Moderate
260.84,501.44,1271.13,773.01,48.65,283.9,485,Hazardous
38.63,186.16,319.2,132.71,10.08,74.57,109,Unhealthy for Sensitive Groups
16.49,72.54,60.87,74.24,6.33,62.22,83,Moderate
259.32,519.16,1738.67,670.82,36.08,269.36,351,Hazardous
52.07,163.36,129.62,78.7,11.52,73.39,135,Unhealthy for Sensitive Groups
42.09,235.95,110.45,121.68,10.56,77.88,143,Unhealthy for Sensitive Groups
4.45,32.19,44.41,13.04,2.98,48.98,16,Good
11.61,22.63,40.92,28.79,2.44,38.87,26,Good
23.42,66.73,55.39,59.42,8.18,60.65,92,Moderate
318.14,536.7,2010.64,843.48,33.45,487.88,394,Hazardous
1.47,31.77,16.3,11.12,3.49,47.25,27,Good
15.62,123.04,61.5,51.85,9.15,59.84,53,Moderate
8.37,7.77,5.86,25.22,2.61,8.23,28,Good
31.02,135.21,75.27,59.26,7.43,61.54,89,Moderate
52.21,199.62,217.34,107.11,12.16,82.93,108,Unhealthy for Sensitive Groups
197.44,422.9,937.31,499.06,19.63,154.49,240,Very Unhealthy
34.18,150.45,56.48,54.57,7.99,63.34,88,Moderate
10.83,7.55,6.14,16.67,1.3,10.4,6,Good
36.65,176.2,305.38,123.33,11.09,72.49,116,Unhealthy for Sensitive Groups
7.94,27.24,32.38,17.39,1.4,26.45,8,Good
0.27,30.85,1.91,22.21,0.87,52.82,17,Good
28.23,88.46,68.52,45.32,8.49,69.81,92,Moderate
9.77,12.78,31.18,0.62,4.12,49.89,9,Good
398.58,425.01,1374.37,674.91,48.51,477.0,303,Hazardous
182.4,418.53,891.85,569.35,17.05,125.73,278,Very Unhealthy
193.74,377.23,845.89,332.99,16.43,176.15,288,Very Unhealthy
20.0,150.06,56.05,39.96,4.42,67.29,79,Moderate
20.89,62.9,81.29,44.93,5.35,56.45,84,Moderate
46.13,224.89,170.94,109.23,11.7,77.65,105,Unhealthy for Sensitive Groups
456.57,563.1,1638.38,844.99,31.89,332.07,462,Hazardous
279.86,520.38,1259.28,760.88,42.27,495.92,332,Hazardous
11.71,12.4,46.6,27.37,0.63,21.22,42,Good
88.73,266.74,631.58,260.67,13.74,104.96,156,Unhealthy
51.12,166.39,215.97,100.09,11.78,76.88,121,Unhealthy for Sensitive Groups
1.05,43.31,33.18,20.68,0.89,44.07,45,Good
16.93,62.12,99.52,64.19,8.87,58.95,77,Moderate
22.07,138.67,66.48,54.0,8.37,56.52,57,Moderate
185.54,419.06,1049.9,525.63,15.54,190.31,263,Very Unhealthy
237.98,389.4,710.76,483.2,25.5,157.62,258,Very Unhealthy
21.7,128.48,76.76,50.67,6.5,62.58,93,Moderate
110.68,281.42,369.47,223.09,13.35,86.88,151,Unhealthy
13.54,136.05,82.92,43.01,5.34,58.52,89,Moderate
53.97,168.65,327.45,113.8,11.16,71.54,145,Unhealthy for Sensitive Groups
5.19,16.03,0.78,22.85,1.34,14.61,7,Good
498.72,486.47,1594.48,925.88,47.06,435.08,323,Hazardous
30.28,67.09,83.1,73.08,7.68,55.84,72,Moderate
43.21,221.41,218.09,163.15,10.54,77.04,102,Unhealthy for Sensitive Groups
5.4,27.34,52.95,15.4,4.36,24.9,1,Good
7.19,44.57,37.26,0.67,2.81,11.92,25,Good
105.38,298.86,537.57,191.18,13.78,88.36,161,Unhealthy
4.88,9.8,11.53,7.07,2.65,49.28,43,Good
218.25,396.18,692.78,413.12,27.19,118.53,270,Very Unhealthy
45.78,208.89,324.66,178.9,10.85,72.79,127,Unhealthy for Sensitive Groups
177.58,385.69,708.26,313.07,21.84,140.0,266,Very Unhealthy
20.61,98.82,89.63,36.7,8.62,56.04,61,Moderate
33.53,73.52,88.96,38.54,4.98,63.88,95,Moderate
33.25,73.86,70.99,42.14,7.07,56.18,53,Moderate
98.01,294.42,587.69,263.36,14.05,96.82,152,Unhealthy
20.7,57.51,65.35,37.07,6.55,62.91,97,Moderate
51.93,191.65,164.66,126.98,11.86,83.03,137,Unhealthy for Sensitive Groups
25.0,101.84,93.66,63.46,6.04,57.97,55,Moderate
458.31,505.99,1691.29,806.37,34.49,249.81,302,Hazardous
279.15,528.52,1301.06,919.29,46.49,441.34,437,Hazardous
166.09,378.06,985.52,603.11,19.14,187.67,252,Very Unhealthy
45.65,247.12,150.81,110.11,11.11,74.42,122,Unhealthy for Sensitive Groups
44.83,195.49,197.22,112.26,11.65,74.37,140,Unhealthy for Sensitive Groups
16.2,132.29,99.54,55.16,6.69,56.36,65,Moderate
46.5,247.07,290.22,179.67,10.33,76.32,115,Unhealthy for Sensitive Groups
260.51,489.91,1889.3,895.21,41.61,466.85,448,Hazardous
40.77,235.25,256.63,146.29,12.17,80.0,136,Unhealthy for Sensitive Groups
9.43,36.59,44.36,3.99,0.76,17.23,36,Good
8.07,28.22,12.34,7.99,3.91,3.65,5,Good
51.89,176.25,144.99,165.4,11.03,73.65,119,Unhealthy for Sensitive Groups
49.33,232.69,198.73,173.81,10.19,74.87,132,Unhealthy for Sensitive Groups
38.07,208.97,271.42,105.32,11.91,76.96,144,Unhealthy for Sensitive Groups
39.57,159.41,223.3,158.59,11.38,77.31,143,Unhealthy for Sensitive Groups
237.84,362.42,924.51,499.28,24.79,139.88,300,Very Unhealthy
265.28,571.39,1360.68,999.91,49.7,447.54,324,Hazardous
16.73,152.3,63.2,39.01,8.14,65.46,87,Moderate
47.97,219.39,325.42,76.11,11.86,80.86,142,Unhealthy for Sensitive Groups
373.12,544.08,1325.61,683.37,47.17,253.52,473,Hazardous
48.51,182.35,149.03,146.22,10.85,75.72,124,Unhealthy for Sensitive Groups
51.93,210.3,268.45,156.45,9.53,78.87,102,Unhealthy for Sensitive Groups
35.05,213.43,210.97,178.86,9.55,84.11,128,Unhealthy for Sensitive Groups
37.07,181.82,166.91,170.29,11.78,82.71,108,Unhealthy for Sensitive Groups
69.48,261.11,459.49,254.5,13.05,104.8,157,Unhealthy
48.29,230.75,338.85,171.74,10.38,74.46,128,Unhealthy for Sensitive Groups
49.89,186.08,303.54,128.79,9.51,73.84,114,Unhealthy for Sensitive Groups
18.22,68.74,54.45,35.74,4.85,63.6,86,Moderate
31.88,79.47,76.51,53.1,6.29,64.62,64,Moderate
100.6,319.4,602.78,283.59,12.99,91.24,193,Unhealthy
25.32,116.68,99.06,71.16,5.29,60.77,80,Moderate
9.41,45.96,21.83,12.79,2.56,18.04,6,Good
5.27,31.86,40.03,27.32,3.85,26.53,23,Good
34.28,121.77,59.35,73.12,8.87,66.3,63,Moderate
68.19,269.62,520.87,291.66,13.1,87.47,183,Unhealthy
167.99,393.1,751.14,501.33,17.09,161.53,282,Very Unhealthy
52.85,250.79,186.18,81.81,10.89,75.64,143,Unhealthy for Sensitive Groups
15.53,100.82,60.25,60.29,6.24,58.04,83,Moderate
49.78,176.18,182.23,145.26,11.65,72.32,133,Unhealthy for Sensitive Groups
71.37,282.02,590.63,234.36,13.31,95.57,198,Unhealthy
4.16,46.48,33.97,13.46,3.34,39.3,8,Good
77.89,301.4,461.24,263.59,14.36,95.17,187,Unhealthy
34.45,131.58,73.73,46.46,6.68,69.62,85,Moderate
84.91,353.57,538.76,262.1,14.32,86.08,157,Unhealthy
141.44,299.07,433.92,188.12,14.05,102.62,172,Unhealthy
9.29,41.98,16.0,16.71,3.25,3.35,0,Good
24.55,54.43,88.74,46.19,4.97,58.55,63,Moderate
102.05,344.77,519.97,202.73,14.97,93.89,166,Unhealthy
38.73,233.84,285.05,139.86,12.39,83.27,106,Unhealthy for Sensitive Groups
197.11,387.83,793.85,409.61,21.61,195.67,291,Very Unhealthy
46.1,210.31,125.56,77.88,10.82,79.03,114,Unhealthy for Sensitive Groups
51.36,194.13,258.85,133.67,12.13,79.0,140,Unhealthy for Sensitive Groups
35.63,165.9,121.97,177.11,12.03,84.1,104,Unhealthy for Sensitive Groups
3.07,19.67,25.58,20.66,0.52,13.9,37,Good
5.93,35.24,19.34,1.44,1.11,29.82,16,Good
21.85,121.8,67.87,71.0,5.9,68.25,69,Moderate
52.55,182.78,202.25,105.17,11.98,79.71,147,Unhealthy for Sensitive Groups
51.75,168.79,192.0,79.26,10.43,77.31,111,Unhealthy for Sensitive Groups
312.82,432.2,1429.19,717.21,37.54,332.26,357,Hazardous
1.83,45.01,37.21,9.96,1.49,12.97,17,Good
271.21,510.99,1832.39,848.38,48.22,262.1,474,Hazardous
10.72,50.55,28.16,32.16,3.6,6.42,23,Good
34.41,64.87,83.01,41.99,6.16,60.48,58,Moderate
241.95,404.15,700.89,493.77,22.04,181.32,222,Very Unhealthy
5.24,1.14,26.94,14.28,0.9,21.6,10,Good
31.26,59.79,67.46,61.97,7.22,66.34,69,Moderate
11.1,10.93,37.39,1.78,1.63,27.89,41,Good
22.24,145.33,81.69,68.71,4.99,63.95,78,Moderate
46.42,252.08,181.68,90.29,9.86,80.36,144,Unhealthy for Sensitive Groups
14.06,91.15,77.24,67.41,7.93,56.03,63,Moderate
5.68,42.26,7.5,17.79,1.98,22.5,41,Good
53.64,249.59,248.39,151.51,10.61,82.7,107,Unhealthy for Sensitive Groups
37.34,215.36,343.62,106.54,11.7,72.19,126,Unhealthy for Sensitive Groups
0.27,33.18,11.08,24.44,0.91,17.19,49,Good
54.86,192.02,330.51,181.85,11.48,75.16,119,Unhealthy for Sensitive Groups
6.66,35.52,34.4,32.16,4.19,7.93,22,Good
1.85,34.23,3.03,19.44,3.85,39.88,38,Good
238.88,365.14,1100.99,503.85,15.75,146.85,288,Very Unhealthy
9.97,37.05,31.72,2.73,0.93,52.68,4,Good
32.63,112.26,92.97,63.67,5.4,56.66,91,Moderate
170.83,368.97,1080.81,549.22,25.55,136.32,248,Very Unhealthy
11.43,48.51,28.59,21.71,0.91,5.01,47,Good
72.49,254.63,396.31,224.78,13.37,96.35,191,Unhealthy
5.84,7.42,52.42,0.06,1.16,19.08,14,Good
11.23,16.98,40.74,29.73,4.03,40.63,19,Good
9.13,7.12,15.05,30.34,3.05,49.78,18,Good
79.68,305.91,634.44,227.55,15.38,89.45,185,Unhealthy
49.91,206.9,258.29,110.62,12.2,74.89,122,Unhealthy for Sensitive Groups
2.81,31.92,7.11,24.53,1.66,50.54,10,Good
400.41,426.6,1757.09,879.73,48.1,306.5,498,Hazardous
213.17,419.62,911.57,440.66,20.94,178.32,271,Very Unhealthy
32.2,135.51,77.97,44.82,8.22,63.52,100,Moderate
3.2,42.94,23.76,17.13,1.08,17.36,20,Good
216.79,379.02,671.72,539.22,18.29,189.84,267,Very Unhealthy
34.16,60.99,93.73,63.47,6.92,61.43,52,Moderate
23.42,83.13,54.15,54.76,5.77,55.49,95,Moderate
288.74,603.17,1395.39,775.25,30.92,414.26,448,Hazardous
48.78,192.4,347.83,178.68,10.64,83.37,127,Unhealthy for Sensitive Groups
6.97,37.52,20.56,3.91,1.78,5.14,47,Good
423.19,505.6,1400.45,860.03,47.86,350.95,318,Hazardous
229.24,422.62,974.72,365.13,19.22,123.18,298,Very Unhealthy
7.94,53.28,33.43,12.65,4.05,44.45,28,Good
9.99,43.03,8.23,28.03,3.5,36.04,0,Good
64.05,257.12,488.56,230.38,13.7,94.42,172,Unhealthy
1.16,14.39,26.19,15.34,1.11,53.92,20,Good
53.7,170.03,137.26,123.32,11.74,75.89,142,Unhealthy for Sensitive Groups
5.51,44.09,51.94,29.87,3.23,49.16,42,Good
37.88,178.48,301.35,120.84,11.84,71.06,116,Unhealthy for Sensitive Groups
46.5,197.82,298.83,176.11,9.52,82.42,121,Unhealthy for Sensitive Groups
210.27,357.25,650.92,378.03,20.66,145.55,273,Very Unhealthy
416.86,441.29,1510.09,989.41,44.94,343.0,375,Hazardous
9.34,15.47,32.11,34.23,3.68,35.64,17,Good
36.4,209.69,147.31,158.98,10.3,72.8,124,Unhealthy for Sensitive Groups
46.51,155.12,197.9,132.28,10.31,77.18,124,Unhealthy for Sensitive Groups
40.98,174.76,334.29,105.25,9.45,83.7,117,Unhealthy for Sensitive Groups
117.74,345.01,642.03,202.45,14.69,102.62,171,Unhealthy
77.58,301.44,593.97,198.05,13.03,87.36,156,Unhealthy
401.85,560.03,1749.67,886.71,34.6,290.71,441,Hazardous
33.53,78.59,89.15,59.05,6.24,61.56,55,Moderate
0.09,46.84,46.86,31.35,0.88,6.99,45,Good
39.6,159.76,268.07,77.81,11.83,80.38,120,Unhealthy for Sensitive Groups
45.06,178.41,141.47,156.12,11.23,81.22,134,Unhealthy for Sensitive Groups
409.28,493.4,1983.87,996.39,39.63,467.99,485,Hazardous
237.94,392.45,680.25,482.69,17.93,191.72,282,Very Unhealthy
22.62,133.15,58.65,64.59,8.8,64.98,76,Moderate
209.52,378.06,832.57,597.51,24.38,156.24,207,Very Unhealthy
80.06,306.38,510.38,235.09,14.99,95.53,157,Unhealthy
110.22,296.74,537.88,283.93,14.95,92.52,172,Unhealthy
174.3,374.17,902.74,353.02,20.39,184.89,225,Very Unhealthy
35.24,157.45,170.36,84.41,11.03,84.09,122,Unhealthy for Sensitive Groups
50.97,160.42,267.06,163.21,11.67,76.45,102,Unhealthy for Sensitive Groups
9.93,50.09,10.5,4.34,2.74,2.17,14,Good
107.09,278.89,539.09,203.01,13.26,91.18,182,Unhealthy
46.65,186.91,303.04,85.37,11.09,77.82,133,Unhealthy for Sensitive Groups
51.82,211.38,119.93,89.86,11.91,80.27,115,Unhealthy for Sensitive Groups
47.6,236.64,159.83,85.99,10.14,76.82,122,Unhealthy for Sensitive Groups
17.26,76.77,62.58,73.85,6.94,63.9,60,Moderate
2.0,13.47,16.8,15.86,2.06,45.54,16,Good
5.65,44.53,7.69,31.03,3.22,32.94,10,Good
102.28,261.32,515.19,270.7,12.82,102.27,196,Unhealthy
21.31,109.22,82.65,64.32,6.91,59.58,59,Moderate
12.93,147.88,92.58,72.07,5.25,66.43,67,Moderate
29.73,70.19,80.37,72.82,7.89,68.09,70,Moderate
20.0,148.38,92.94,47.96,9.23,64.37,91,Moderate
42.89,220.09,260.51,86.16,12.21,73.22,141,Unhealthy for Sensitive Groups
26.59,153.48,69.26,64.37,5.68,57.01,91,Moderate
7.73,10.79,4.79,33.94,4.37,25.53,47,Good
6.23,42.14,5.56,15.91,3.26,4.64,14,Good
28.6,59.05,77.84,45.35,8.02,63.87,68,Moderate
227.4,376.73,1248.22,357.47,16.26,119.43,238,Very Unhealthy
83.97,332.91,413.62,199.06,13.3,93.76,180,Unhealthy
30.09,130.05,79.49,49.39,5.36,56.2,71,Moderate
52.75,166.82,284.8,169.07,10.32,80.53,129,Unhealthy for Sensitive Groups
366.44,600.22,1293.75,781.86,35.02,304.4,448,Hazardous
122.92,284.58,513.39,217.5,14.43,93.1,159,Unhealthy
50.66,195.83,266.27,148.91,10.81,81.04,106,Unhealthy for Sensitive Groups
47.76,163.95,227.79,176.46,10.61,84.06,143,Unhealthy for Sensitive Groups
58.42,284.97,583.4,241.12,13.84,100.01,162,Unhealthy
5.22,50.55,48.21,21.67,2.05,25.09,13,Good
63.58,280.79,507.92,277.25,14.38,89.68,185,Unhealthy
73.71,292.52,609.26,212.18,13.49,97.64,154,Unhealthy
48.84,178.13,120.94,150.38,11.8,83.99,126,Unhealthy for Sensitive Groups
185.32,416.6,806.37,465.22,24.02,197.05,288,Very Unhealthy
29.98,127.65,53.99,43.55,5.94,68.85,55,Moderate
0.45,4.74,33.79,4.84,0.55,9.07,20,Good
21.61,85.38,75.38,35.71,8.25,56.33,65,Moderate
102.22,308.01,379.41,285.2,13.91,104.94,187,Unhealthy
173.49,423.38,904.25,509.59,16.11,113.52,228,Very Unhealthy
68.62,302.35,578.75,245.77,14.13,88.82,167,Unhealthy
23.69,147.85,90.53,56.23,4.58,55.76,59,Moderate
44.86,223.35,298.14,161.97,10.93,79.61,123,Unhealthy for Sensitive Groups
0.7,36.76,14.74,20.83,3.16,46.12,5,Good
6.95,19.85,14.87,31.59,4.33,50.38,38,Good
48.59,251.92,140.12,151.12,12.25,76.81,128,Unhealthy for Sensitive Groups
276.2,550.58,1555.12,903.99,47.32,430.84,452,Hazardous
13.39,132.69,63.71,49.45,9.26,69.39,87,Moderate
9.35,46.31,27.57,9.91,4.22,7.47,2,Good
2.12,19.79,17.71,27.57,4.32,52.96,5,Good
52.22,213.67,123.81,76.43,11.76,73.24,147,Unhealthy for Sensitive Groups
49.82,212.98,150.18,168.16,10.7,82.19,134,Unhealthy for Sensitive Groups
46.31,197.17,139.43,108.96,12.11,76.84,147,Unhealthy for Sensitive Groups
42.02,170.58,295.22,85.49,9.7,74.16,102,Unhealthy for Sensitive Groups
5.35,49.94,34.58,8.23,1.07,15.62,47,Good
327.89,514.16,1402.52,618.68,45.8,414.84,382,Hazardous
6.01,5.49,29.99,18.93,3.01,24.65,18,Good
17.03,94.34,53.03,72.7,5.08,63.81,73,Moderate
413.9,463.62,1395.54,939.27,33.42,459.86,365,Hazardous
322.35,432.42,1289.28,773.9,34.83,216.64,345,Hazardous
489.95,484.58,1315.63,868.23,32.13,429.19,350,Hazardous
118.51,338.97,577.06,267.29,13.59,102.53,153,Unhealthy
54.77,208.9,281.98,78.12,9.66,73.15,116,Unhealthy for Sensitive Groups
100.08,324.37,463.08,249.48,13.95,103.41,187,Unhealthy
3.62,45.55,41.73,31.82,3.32,31.64,21,Good
11.12,31.38,34.46,22.89,0.07,32.38,2,Good
31.69,72.85,83.83,36.56,8.04,63.28,97,Moderate
41.68,242.19,111.17,101.69,9.89,79.11,129,Unhealthy for Sensitive Groups
3.75,28.66,10.23,8.21,1.8,35.8,10,Good
8.4,12.56,38.93,1.71,2.29,35.4,0,Good
22.26,95.0,76.19,58.74,7.67,66.36,81,Moderate
9.7,36.25,3.08,1.09,0.72,29.1,32,Good
35.64,174.4,201.47,129.67,11.67,71.66,112,Unhealthy for Sensitive Groups
216.29,360.16,1017.02,476.34,16.41,141.95,289,Very Unhealthy
42.07,175.01,124.47,87.12,12.05,81.9,107,Unhealthy for Sensitive Groups
209.68,413.61,879.95,526.77,15.4,122.9,237,Very Unhealthy
10.9,42.07,39.05,8.45,2.06,0.41,35,Good
46.21,200.52,169.4,149.49,9.66,83.39,112,Unhealthy for Sensitive Groups
10.7,20.7,45.06,27.05,2.34,11.84,49,Good
40.82,174.94,294.87,87.63,12.04,71.73,106,Unhealthy for Sensitive Groups
38.95,182.25,346.52,114.03,11.26,76.12,131,Unhealthy for Sensitive Groups
172.35,412.45,999.1,385.16,24.9,112.36,224,Very Unhealthy
215.08,395.27,825.73,497.78,24.37,152.36,294,Very Unhealthy
63.3,327.11,362.12,221.67,14.43,92.01,151,Unhealthy
11.91,23.65,31.12,5.7,1.76,19.87,23,Good
26.67,106.31,61.32,48.71,4.6,62.83,71,Moderate
257.67,452.01,1571.51,828.74,33.17,394.74,450,Hazardous
242.04,373.34,824.71,552.47,17.58,167.77,252,Very Unhealthy
490.29,560.81,1316.87,616.93,33.54,206.46,439,Hazardous
90.35,304.93,619.12,253.52,14.42,103.28,183,Unhealthy
17.24,82.79,88.21,42.25,7.92,60.07,95,Moderate
408.86,541.97,2032.82,762.31,44.26,492.55,397,Hazardous
172.19,384.44,764.27,484.68,18.54,175.08,204,Very Unhealthy
22.66,103.79,98.7,38.13,5.78,62.51,92,Moderate
49.13,178.46,302.0,107.16,9.86,82.14,134,Unhealthy for Sensitive Groups
34.44,95.18,57.47,66.31,8.78,69.35,55,Moderate
2.73,39.91,12.76,25.68,3.95,9.57,24,Good
20.32,93.52,87.66,53.26,8.89,68.5,56,Moderate
184.03,390.74,1053.33,352.25,20.89,112.69,288,Very Unhealthy
12.13,142.28,86.46,54.09,5.8,61.05,85,Moderate
8.98,39.4,18.05,29.94,0.82,11.25,28,Good
312.33,427.71,1459.76,694.26,39.79,478.75,433,Hazardous
11.65,35.79,0.29,34.49,1.3,53.56,5,Good
17.2,76.47,63.53,74.12,8.95,64.09,97,Moderate
102.31,312.95,482.22,248.63,14.67,92.55,181,Unhealthy
213.31,357.88,1119.98,553.0,23.93,163.6,268,Very Unhealthy
17.44,129.46,54.51,46.39,5.88,69.97,69,Moderate
44.93,199.12,116.76,87.33,11.07,84.51,120,Unhealthy for Sensitive Groups
49.48,231.67,255.62,87.77,11.06,78.16,121,Unhealthy for Sensitive Groups
186.09,389.7,904.98,371.95,25.46,111.42,231,Very Unhealthy
17.92,96.51,83.0,41.22,9.08,62.29,85,Moderate
105.49,290.95,642.12,247.12,14.71,103.94,152,Unhealthy
4.57,5.35,16.76,11.39,0.44,13.92,31,Good
48.48,178.79,338.17,149.57,11.27,83.99,141,Unhealthy for Sensitive Groups
0.37,6.24,7.87,10.37,0.44,1.25,1,Good
87.87,295.97,456.66,245.93,14.72,86.66,161,Unhealthy
34.05,114.63,64.58,59.75,7.03,55.71,76,Moderate
212.12,389.43,943.24,410.02,28.59,115.43,248,Very Unhealthy
45.42,222.38,356.19,93.07,9.63,79.25,104,Unhealthy for Sensitive Groups
6.65,30.91,48.08,16.8,0.71,8.29,9,Good
3.38,21.26,16.15,13.73,3.91,17.4,21,Good
103.53,326.58,389.41,239.64,13.22,91.86,196,Unhealthy
49.59,177.26,219.86,113.01,11.44,75.9,128,Unhealthy for Sensitive Groups
8.96,6.4,10.15,27.97,1.51,7.41,49,Good
33.79,110.82,89.4,73.78,5.69,59.9,80,Moderate
16.32,132.22,94.63,54.0,5.97,68.02,96,Moderate
48.43,248.14,217.94,121.32,11.64,84.33,131,Unhealthy for Sensitive Groups
8.63,37.03,39.36,3.57,0.61,42.7,26,Good
461.84,587.43,1734.58,798.39,50.22,241.4,422,Hazardous
39.99,207.34,284.9,135.07,12.36,84.89,119,Unhealthy for Sensitive Groups
172.78,393.43,936.58,508.55,19.72,183.43,268,Very Unhealthy
36.5,236.19,106.98,151.85,10.38,75.55,132,Unhealthy for Sensitive Groups
3.96,43.44,50.8,8.61,0.71,27.04,23,Good
9.1,20.49,16.64,19.68,0.32,7.45,35,Good
44.44,178.95,288.13,153.09,10.63,75.84,135,Unhealthy for Sensitive Groups
85.74,292.3,530.48,293.53,13.01,91.43,157,Unhealthy
6.82,5.69,24.3,10.46,3.86,10.94,47,Good
241.94,369.92,833.28,587.18,22.74,191.92,230,Very Unhealthy
411.5,513.56,1372.61,740.44,31.49,358.58,448,Hazardous
15.88,140.74,92.14,55.18,8.75,60.08,51,Moderate
16.33,101.72,59.23,53.9,6.04,60.5,52,Moderate
4.65,32.57,51.95,0.16,1.74,10.68,39,Good
16.64,134.27,88.7,48.45,6.13,63.78,78,Moderate
2.15,24.53,14.74,12.13,1.93,10.38,8,Good
413.01,514.38,1835.56,755.45,44.18,431.47,418,Hazardous
221.46,412.57,765.4,549.43,17.64,163.91,242,Very Unhealthy
84.77,264.41,365.27,277.32,13.42,92.06,161,Unhealthy
12.92,144.86,57.23,41.14,6.53,68.3,82,Moderate
52.26,178.54,216.32,107.99,10.49,73.47,132,Unhealthy for Sensitive Groups
74.22,269.26,372.16,230.13,12.97,92.4,151,Unhealthy
16.36,77.53,84.71,39.64,6.02,67.09,56,Moderate
13.13,63.78,79.79,66.5,4.7,57.41,51,Moderate
449.48,452.15,1558.36,817.36,41.03,337.28,459,Hazardous
0.26,5.13,22.99,29.44,1.49,48.22,6,Good
0.5,45.82,6.34,3.61,0.73,22.87,3,Good
196.56,365.28,796.06,327.18,23.46,107.45,218,Very Unhealthy
2.4,35.2,2.24,14.05,0.79,36.06,42,Good
33.82,67.5,88.54,68.71,7.34,66.85,85,Moderate
294.1,486.09,1535.19,747.67,43.53,466.34,354,Hazardous
11.25,43.25,44.47,30.2,0.79,44.93,48,Good
47.29,216.15,104.23,180.56,10.72,76.04,104,Unhealthy for Sensitive Groups
27.24,126.18,55.58,44.54,8.05,62.48,98,Moderate
108.21,294.66,612.22,205.19,14.07,88.7,176,Unhealthy
28.21,74.8,96.61,61.05,6.18,56.86,91,Moderate
7.58,21.47,48.26,1.43,1.2,24.28,21,Good
213.1,419.32,1076.49,375.4,27.99,145.53,251,Very Unhealthy
231.49,389.91,918.24,589.55,30.12,171.43,211,Very Unhealthy
175.09,357.61,892.02,360.68,20.6,160.9,262,Very Unhealthy
39.65,227.1,128.8,81.88,10.16,74.45,109,Unhealthy for Sensitive Groups
45.59,162.59,114.77,172.14,11.18,81.15,132,Unhealthy for Sensitive Groups
75.69,293.29,412.52,218.8,12.65,88.99,159,Unhealthy
2.72,0.96,39.49,27.08,1.84,23.76,43,Good
0.54,7.98,26.75,29.87,2.68,40.51,16,Good
25.97,93.21,82.87,72.03,9.05,56.0,69,Moderate
248.06,397.01,1131.42,347.96,18.04,177.31,250,Very Unhealthy
70.03,340.52,595.68,186.66,12.51,97.22,188,Unhealthy
186.35,355.79,965.99,407.14,30.38,134.54,267,Very Unhealthy
166.06,387.44,876.03,432.08,26.15,190.19,252,Very Unhealthy
1.3,25.16,2.37,23.91,4.14,28.83,50,Good
18.94,109.7,85.24,62.72,7.32,55.67,63,Moderate
121.96,308.72,390.58,263.06,14.25,88.4,158,Unhealthy
54.82,172.33,257.07,123.51,10.32,79.83,149,Unhealthy for Sensitive Groups
142.84,337.59,427.71,197.76,12.52,104.15,163,Unhealthy
0.77,6.68,41.17,12.13,2.36,45.68,13,Good
1.73,28.77,52.76,2.29,3.75,37.05,48,Good
22.5,134.99,77.85,35.55,6.48,66.48,81,Moderate
12.55,130.32,80.19,73.83,8.68,66.93,96,Moderate
144.96,326.79,494.43,229.7,14.57,94.13,190,Unhealthy
316.04,445.69,1578.27,703.07,44.24,362.89,499,Hazardous
11.24,34.4,49.16,7.57,2.74,24.23,3,Good
10.28,17.68,9.17,6.48,4.19,3.76,41,Good
104.28,282.13,556.23,241.56,13.69,101.41,173,Unhealthy
132.23,283.3,414.93,298.31,13.63,102.76,166,Unhealthy
10.69,29.86,26.44,8.9,4.35,40.58,19,Good
13.45,68.01,82.31,52.86,9.09,66.88,78,Moderate
235.99,397.05,681.57,411.34,28.66,116.64,209,Very Unhealthy
143.33,340.0,434.73,223.93,14.43,103.52,176,Unhealthy
140.73,283.51,377.03,189.82,15.1,94.49,195,Unhealthy
61.82,256.04,405.16,252.52,14.71,100.17,164,Unhealthy
261.48,455.29,1342.32,777.5,35.4,242.35,499,Hazardous
54.82,239.44,275.07,86.2,9.92,82.23,136,Unhealthy for Sensitive Groups
316.88,602.94,1512.35,744.83,45.33,382.54,367,Hazardous
9.66,46.86,37.62,30.03,3.91,17.63,45,Good
313.11,479.6,1958.44,976.6,35.31,344.03,434,Hazardous
7.91,43.16,25.98,32.56,2.28,0.03,44,Good
196.51,384.76,995.4,589.19,30.13,167.15,216,Very Unhealthy
6.18,14.61,44.76,19.92,0.13,39.84,47,Good
6.66,7.08,7.58,26.25,3.87,36.62,31,Good
39.95,168.92,166.35,178.06,11.52,81.62,111,Unhealthy for Sensitive Groups
8.19,20.21,2.89,23.71,0.66,46.47,39,Good
252.33,584.79,1540.51,690.39,37.97,360.93,478,Hazardous
491.62,443.48,1302.08,939.92,44.79,242.41,460,Hazardous
39.53,169.5,264.44,82.04,11.67,82.65,122,Unhealthy for Sensitive Groups
284.59,526.45,1924.78,827.52,40.83,201.73,481,Hazardous
51.01,170.19,157.71,148.11,10.73,81.33,118,Unhealthy for Sensitive Groups
34.85,80.81,60.22,44.67,5.11,55.13,72,Moderate
63.34,307.65,606.7,303.04,13.74,90.07,178,Unhealthy
226.69,387.18,1084.58,528.25,28.86,177.41,248,Very Unhealthy
32.21,71.52,55.59,36.84,6.33,69.79,56,Moderate
5.6,1.34,12.64,27.78,2.62,51.17,8,Good
366.22,434.97,1592.7,662.87,44.85,259.99,353,Hazardous
39.19,181.05,101.3,106.34,10.37,74.03,135,Unhealthy for Sensitive Groups
256.83,445.39,1407.21,803.33,40.39,263.93,310,Hazardous
27.02,145.74,83.03,51.95,7.21,58.33,68,Moderate
15.69,81.34,71.63,52.57,4.53,62.47,62,Moderate
5.71,42.38,26.74,24.96,4.33,22.04,34,Good
398.65,434.56,1859.14,666.16,40.52,248.72,474,Hazardous
23.95,132.08,95.59,50.6,8.75,60.52,61,Moderate
44.35,157.62,216.6,90.42,12.3,79.06,115,Unhealthy for Sensitive Groups
444.29,572.19,1354.45,882.25,44.53,262.48,447,Hazardous
191.2,356.93,1102.88,497.8,17.32,188.87,250,Very Unhealthy
106.15,312.09,363.53,247.83,14.5,103.56,154,Unhealthy
187.04,396.1,845.73,313.38,25.33,183.67,270,Very Unhealthy
1.84,0.66,0.39,1.04,4.06,47.13,15,Good
241.4,422.36,1087.84,484.3,26.68,134.08,273,Very Unhealthy
160.31,412.99,1014.07,350.66,24.61,141.79,283,Very Unhealthy
51.25,253.71,297.82,184.93,11.33,80.58,114,Unhealthy for Sensitive Groups
323.23,594.78,1249.33,778.54,42.41,410.34,495,Hazardous
173.67,385.54,1174.49,522.81,28.59,144.97,261,Very Unhealthy
37.7,241.51,231.88,179.97,9.62,84.47,113,Unhealthy for Sensitive Groups
467.2,557.89,1939.52,682.2,40.17,467.04,301,Hazardous
2.76,6.32,44.71,1.66,0.58,44.45,34,Good
388.61,544.25,1895.55,605.58,40.04,354.91,353,Hazardous
1.68,30.51,9.59,8.49,1.08,5.19,11,Good
171.61,388.16,731.58,380.69,20.0,121.5,242,Very Unhealthy
454.03,603.4,1761.14,920.68,39.44,447.28,389,Hazardous
164.97,354.52,1043.74,533.75,15.79,145.6,255,Very Unhealthy
2.43,22.51,44.63,23.61,3.86,22.83,43,Good
20.58,89.77,69.37,49.09,6.1,58.13,63,Moderate
149.09,324.93,647.35,220.27,14.33,88.49,164,Unhealthy
11.63,27.77,26.69,30.6,2.12,45.32,5,Good
54.19,221.91,293.01,164.31,10.43,74.89,129,Unhealthy for Sensitive Groups
53.04,246.33,161.01,111.37,11.95,84.5,140,Unhealthy for Sensitive Groups
205.44,396.64,678.1,347.92,17.32,163.12,237,Very Unhealthy
48.74,160.07,289.02,135.39,10.57,84.44,136,Unhealthy for Sensitive Groups
207.22,373.23,660.83,582.49,20.84,125.07,276,Very Unhealthy
104.58,342.7,593.2,258.02,12.89,91.08,195,Unhealthy
7.53,51.24,43.84,33.44,2.43,47.78,50,Good
7.98,13.38,9.18,8.32,4.02,7.49,23,Good
10.75,9.25,7.99,11.29,1.09,47.47,16,Good
50.07,213.59,293.88,146.43,12.12,74.08,111,Unhealthy for Sensitive Groups
444.29,491.73,1548.64,770.24,46.32,430.97,499,Hazardous
27.39,99.97,72.38,37.87,9.36,61.47,92,Moderate
65.07,345.53,636.34,289.13,12.47,89.18,190,Unhealthy
153.12,357.76,1199.17,348.33,18.31,115.24,285,Very Unhealthy
219.5,367.31,967.29,503.76,17.55,172.87,287,Very Unhealthy
1.54,6.58,5.64,25.63,2.23,39.21,23,Good
228.76,383.17,892.57,539.02,23.18,122.29,257,Very Unhealthy
1.56,25.24,6.62,23.64,3.34,18.49,32,Good
51.28,235.5,268.6,104.8,9.4,75.33,115,Unhealthy for Sensitive Groups
146.11,319.88,403.3,273.85,14.45,94.44,171,Unhealthy
18.99,90.93,91.15,73.81,8.4,63.22,96,Moderate
19.15,135.45,85.6,61.03,5.33,68.39,75,Moderate
77.94,265.75,581.38,241.99,15.16,89.56,163,Unhealthy
50.99,219.08,274.72,78.99,9.82,84.46,102,Unhealthy for Sensitive Groups
142.68,271.48,404.16,204.71,14.95,91.34,185,Unhealthy
115.84,323.94,379.54,279.06,13.38,103.41,180,Unhealthy
200.65,379.65,673.02,542.84,22.01,139.69,289,Very Unhealthy
26.23,142.98,62.95,57.87,6.36,62.16,81,Moderate
103.57,350.68,562.09,213.89,14.17,99.04,199,Unhealthy
33.06,71.55,66.62,48.4,6.96,57.84,66,Moderate
40.42,156.83,172.44,91.11,10.3,79.44,140,Unhealthy for Sensitive Groups
9.92,33.27,24.87,9.11,2.34,7.77,33,Good
244.12,364.14,1195.59,574.06,20.31,118.22,290,Very Unhealthy
61.94,264.1,586.29,208.92,12.55,94.96,168,Unhealthy
169.7,399.42,856.02,320.56,24.81,150.18,247,Very Unhealthy
39.51,169.36,100.21,78.62,11.99,72.19,133,Unhealthy for Sensitive Groups
203.18,419.77,799.55,337.21,26.06,191.62,265,Very Unhealthy
40.1,164.83,242.17,84.92,10.03,79.61,103,Unhealthy for Sensitive Groups
6.25,13.68,4.24,15.1,3.75,43.28,29,Good
3.98,51.09,20.81,11.66,3.13,40.44,40,Good
76.06,350.2,598.21,292.77,13.05,98.24,191,Unhealthy
305.87,521.06,1275.45,815.13,35.77,465.21,472,Hazardous
133.05,303.32,594.55,248.5,13.06,99.01,182,Unhealthy
92.62,305.86,440.63,204.45,14.51,92.58,196,Unhealthy
26.4,144.76,72.38,40.87,6.34,63.74,69,Moderate
39.92,164.43,329.53,127.48,10.26,80.51,132,Unhealthy for Sensitive Groups
21.0,128.71,56.38,50.76,5.67,65.89,88,Moderate
4.48,38.76,9.41,28.46,1.5,21.52,18,Good
4.99,28.91,31.84,33.59,2.39,9.52,20,Good
231.19,418.17,755.67,582.35,28.16,191.19,269,Very Unhealthy
106.97,293.51,489.71,242.85,14.67,96.91,174,Unhealthy
6.86,32.06,52.49,0.04,1.82,44.35,19,Good
323.06,564.91,1543.17,616.56,37.39,397.68,385,Hazardous
10.49,15.95,33.59,5.79,0.01,35.43,36,Good
132.89,334.01,418.52,273.26,13.36,88.96,191,Unhealthy
21.87,141.29,74.98,43.61,9.25,65.41,76,Moderate
13.38,94.29,85.38,37.85,4.69,55.16,99,Moderate
43.22,253.82,315.6,158.77,9.61,75.02,107,Unhealthy for Sensitive Groups
1.01,17.73,8.14,1.25,2.71,44.96,10,Good
3.79,25.89,21.12,21.12,2.06,9.52,33,Good
29.38,91.09,69.55,68.95,8.43,62.07,82,Moderate
51.46,191.17,147.92,114.07,9.42,82.26,141,Unhealthy for Sensitive Groups
21.77,78.09,87.97,43.05,4.87,67.94,89,Moderate
44.89,209.87,284.33,157.27,10.1,80.72,132,Unhealthy for Sensitive Groups
446.3,572.93,1707.16,928.55,38.19,400.55,372,Hazardous
172.5,370.85,1014.05,405.91,20.09,142.8,247,Very Unhealthy
395.35,522.29,1356.34,784.51,43.42,300.44,388,Hazardous
165.87,366.02,1039.48,384.29,29.34,178.59,221,Very Unhealthy
170.44,362.8,857.18,335.87,19.7,176.0,257,Very Unhealthy
7.05,15.56,16.48,18.06,3.23,53.57,29,Good
116.66,315.7,610.9,203.35,15.0,94.61,178,Unhealthy
44.13,160.13,163.66,175.83,10.97,78.02,114,Unhealthy for Sensitive Groups
171.67,357.88,692.91,549.72,24.27,176.19,234,Very Unhealthy
198.09,423.92,1233.53,324.82,19.16,127.39,210,Very Unhealthy
92.31,334.68,380.32,218.34,12.56,102.49,162,Unhealthy
433.61,479.87,1570.13,832.22,44.49,240.1,395,Hazardous
31.6,73.77,91.99,73.13,5.6,68.79,83,Moderate
72.64,330.48,599.33,275.48,12.49,90.65,186,Unhealthy
333.03,467.32,1945.02,864.95,47.17,309.78,445,Hazardous
218.04,376.55,651.57,580.37,22.16,178.26,270,Very Unhealthy
212.98,394.69,1198.26,513.01,28.02,141.06,274,Very Unhealthy
298.79,567.86,1358.18,883.42,30.96,413.72,443,Hazardous
74.7,256.91,423.12,255.27,14.6,98.54,194,Unhealthy
211.52,373.38,704.54,437.68,22.52,196.94,289,Very Unhealthy
234.55,367.87,1168.7,536.68,29.09,168.86,239,Very Unhealthy
34.57,104.29,58.98,49.21,8.84,66.59,94,Moderate
436.71,447.93,1798.52,830.02,47.7,403.85,482,Hazardous
47.86,210.78,343.8,82.87,10.23,81.28,131,Unhealthy for Sensitive Groups
15.21,55.58,56.48,68.96,6.53,61.28,51,Moderate
203.15,423.64,925.46,434.12,23.66,176.45,276,Very Unhealthy
50.2,197.3,340.31,136.93,9.96,71.42,139,Unhealthy for Sensitive Groups
51.39,251.45,121.73,158.19,11.55,75.19,126,Unhealthy for Sensitive Groups
3.67,12.56,2.95,28.51,3.97,33.46,49,Good
95.19,306.9,378.87,222.45,13.89,90.29,166,Unhealthy
24.34,109.02,88.24,66.07,9.35,67.4,69,Moderate
209.55,377.18,1106.44,592.16,23.95,169.93,255,Very Unhealthy
138.72,349.34,377.81,222.35,12.96,88.04,174,Unhealthy
68.77,333.82,498.29,206.46,15.03,96.32,192,Unhealthy
23.45,66.83,99.3,69.22,8.61,62.8,67,Moderate
311.94,506.08,1761.95,799.97,49.55,334.81,353,Hazardous
181.83,407.67,1170.91,591.98,17.74,199.7,231,Very Unhealthy
34.2,124.5,65.11,67.42,9.04,57.08,58,Moderate
162.06,365.8,919.71,497.38,16.92,145.34,214,Very Unhealthy
60.2,305.88,476.97,207.22,14.86,101.28,191,Unhealthy
24.5,111.12,75.21,36.28,9.05,62.91,74,Moderate
138.2,322.68,416.58,203.68,14.58,95.97,200,Unhealthy
52.73,158.5,176.16,113.69,11.38,80.18,103,Unhealthy for Sensitive Groups
212.95,357.28,673.69,366.32,24.62,155.54,297,Very Unhealthy
113.16,274.74,541.33,283.12,15.32,103.71,155,Unhealthy
33.75,93.92,64.77,40.24,4.69,59.1,57,Moderate
27.87,118.3,95.44,68.99,6.47,69.84,63,Moderate
100.65,281.98,571.03,217.3,13.22,92.0,177,Unhealthy
133.72,311.4,411.0,208.23,14.44,88.52,198,Unhealthy
103.47,326.93,571.64,211.78,14.36,100.44,162,Unhealthy
24.3,94.17,65.25,69.07,8.59,57.26,51,Moderate
22.04,126.84,65.65,74.06,7.18,57.15,61,Moderate
26.67,65.78,68.68,61.99,5.42,67.24,90,Moderate
19.61,124.82,76.29,43.98,6.29,58.94,94,Moderate
449.46,452.16,1917.13,678.4,33.64,359.96,459,Hazardous
168.79,374.33,987.9,583.05,15.42,189.85,278,Very Unhealthy
42.97,156.03,312.1,145.58,11.06,75.15,136,Unhealthy for Sensitive Groups
24.36,133.61,83.15,56.88,7.53,61.06,92,Moderate
44.37,218.88,275.76,80.21,11.1,73.14,119,Unhealthy for Sensitive Groups
63.86,271.81,549.38,254.26,13.5,99.84,178,Unhealthy
348.44,475.22,1401.42,871.48,37.14,296.2,333,Hazardous
428.12,452.85,1303.94,752.6,45.4,289.29,309,Hazardous
455.19,539.39,1279.58,642.81,48.8,352.46,399,Hazardous
95.9,272.1,557.83,236.4,13.14,91.2,179,Unhealthy
241.07,374.98,1223.56,411.19,25.87,131.9,225,Very Unhealthy
221.67,378.5,764.78,368.92,29.72,176.92,261,Very Unhealthy
138.76,286.32,436.11,237.25,13.22,98.7,184,Unhealthy
157.08,375.48,1174.15,450.83,15.68,112.05,212,Very Unhealthy
52.39,169.7,118.26,136.67,10.89,74.66,108,Unhealthy for Sensitive Groups
405.88,577.75,1352.4,719.96,47.37,264.25,350,Hazardous
45.28,225.0,194.82,175.69,10.17,72.1,147,Unhealthy for Sensitive Groups
188.97,374.6,710.42,347.6,22.06,163.83,291,Very Unhealthy
1.08,22.48,22.18,12.02,1.66,40.23,18,Good
23.08,90.08,54.28,51.56,8.23,65.92,70,Moderate
87.27,297.51,514.05,251.01,13.39,102.51,188,Unhealthy
9.22,32.38,26.14,16.13,2.33,41.83,30,Good
38.36,160.0,149.51,141.47,10.92,82.48,145,Unhealthy for Sensitive Groups
2.27,43.44,10.69,3.82,2.49,34.94,28,Good
36.86,252.66,178.87,112.42,12.07,73.96,108,Unhealthy for Sensitive Groups
3.49,41.18,17.94,8.46,1.11,21.3,40,Good
61.55,344.74,604.55,240.73,13.15,88.54,199,Unhealthy
179.13,405.34,886.64,546.93,18.8,144.85,211,Very Unhealthy
181.07,369.37,1240.7,501.41,20.27,170.0,253,Very Unhealthy
181.7,384.22,1144.14,539.63,22.92,112.44,218,Very Unhealthy
256.89,526.95,2026.97,621.66,33.03,383.14,453,Hazardous
106.88,302.43,497.0,213.74,13.21,97.12,165,Unhealthy
7.56,48.74,29.1,18.53,3.88,22.14,10,Good
41.32,213.22,285.88,140.61,9.95,74.48,146,Unhealthy for Sensitive Groups
14.33,136.06,64.55,43.94,8.88,57.55,68,Moderate
67.85,309.24,524.31,303.54,13.82,91.21,177,Unhealthy
50.08,204.57,276.28,130.8,10.37,82.09,105,Unhealthy for Sensitive Groups
148.06,293.05,384.38,189.86,13.11,89.98,151,Unhealthy
51.81,195.44,255.42,83.72,10.75,73.98,131,Unhealthy for Sensitive Groups
36.62,245.34,132.18,111.18,10.96,81.52,101,Unhealthy for Sensitive Groups
222.62,383.06,1031.92,525.98,25.18,193.59,216,Very Unhealthy
25.74,127.66,57.41,52.71,7.97,62.83,75,Moderate
26.91,78.67,79.04,57.88,7.45,55.76,75,Moderate
190.79,389.22,722.6,398.71,23.95,184.23,261,Very Unhealthy
26.51,133.52,65.93,54.78,4.62,58.18,98,Moderate
178.05,364.55,1057.97,316.7,25.35,180.92,214,Very Unhealthy
237.28,392.8,1164.83,305.83,28.34,189.55,246,Very Unhealthy
12.61,149.6,81.5,63.99,4.6,66.46,77,Moderate
1.13,0.75,52.84,33.71,0.55,34.14,19,Good
176.87,381.86,1053.96,478.73,20.25,141.3,252,Very Unhealthy
73.13,337.59,497.65,246.75,15.37,99.81,173,Unhealthy
320.25,543.86,1933.93,776.32,31.59,341.23,412,Hazardous
137.22,270.16,489.86,263.48,15.03,94.64,154,Unhealthy
90.99,260.96,507.76,219.32,12.93,88.6,196,Unhealthy
39.13,186.44,291.12,162.51,10.84,74.5,141,Unhealthy for Sensitive Groups
144.95,309.56,519.23,262.89,14.27,87.42,164,Unhealthy
77.25,305.03,397.5,229.27,15.34,90.5,172,Unhealthy
1.42,42.09,19.11,22.87,0.82,46.47,1,Good
178.67,404.21,790.54,552.71,27.56,140.78,269,Very Unhealthy
117.98,352.59,574.28,213.3,13.39,87.56,189,Unhealthy
35.98,247.06,355.99,92.95,10.74,82.45,150,Unhealthy for Sensitive Groups
47.28,186.88,253.4,75.4,10.95,73.0,126,Unhealthy for Sensitive Groups
42.76,168.92,349.44,103.15,9.4,79.04,126,Unhealthy for Sensitive Groups
3.46,22.28,32.41,18.01,3.0,42.02,32,Good
3.91,52.18,37.0,1.29,1.74,27.48,8,Good
221.02,411.18,751.07,575.31,28.52,133.14,247,Very Unhealthy
173.57,362.17,870.08,522.19,29.39,115.79,242,Very Unhealthy
16.93,121.19,96.14,58.27,8.14,69.23,60,Moderate
7.09,7.13,0.57,2.12,3.4,52.74,40,Good
0.53,29.98,45.02,2.97,1.02,19.78,19,Good
193.96,354.26,1028.34,463.12,23.75,163.29,228,Very Unhealthy
29.82,84.83,97.42,60.76,5.41,63.71,66,Moderate
45.22,166.69,338.96,122.67,10.9,76.34,148,Unhealthy for Sensitive Groups
200.64,412.14,855.7,528.62,19.99,113.64,282,Very Unhealthy
23.18,141.67,78.72,47.06,8.7,60.6,55,Moderate
32.77,83.63,93.25,74.49,5.72,66.22,57,Moderate
51.46,197.46,184.8,105.86,9.57,75.49,113,Unhealthy for Sensitive Groups
62.25,353.65,421.15,255.47,14.95,87.33,171,Unhealthy
30.91,145.32,88.69,69.1,7.94,61.03,96,Moderate
49.8,184.95,243.89,182.15,11.82,71.33,138,Unhealthy for Sensitive Groups
42.87,216.31,167.0,127.71,10.58,71.35,104,Unhealthy for Sensitive Groups
9.39,4.56,8.79,13.79,3.94,2.78,27,Good
6.78,16.76,50.14,6.57,3.45,13.78,24,Good
43.95,199.77,350.64,140.42,10.74,79.55,122,Unhealthy for Sensitive Groups
63.66,316.18,366.01,275.03,13.16,95.09,186,Unhealthy
1.24,34.18,40.92,15.93,2.57,35.25,4,Good
454.85,451.3,1444.98,798.22,47.33,235.68,392,Hazardous
45.25,253.94,142.17,76.37,10.96,79.94,101,Unhealthy for Sensitive Groups
174.37,419.52,1180.4,360.62,18.02,170.49,232,Very Unhealthy
382.25,425.82,1457.94,756.8,49.44,332.5,320,Hazardous
7.62,49.73,30.63,11.97,0.46,17.31,23,Good
222.44,383.14,713.61,361.23,24.5,124.36,288,Very Unhealthy
5.32,38.63,1.54,10.09,0.56,18.51,18,Good
3.37,41.25,15.48,11.58,3.42,2.85,40,Good
5.25,44.79,45.11,25.88,0.05,4.95,18,Good
52.51,215.77,321.07,138.69,11.97,72.29,119,Unhealthy for Sensitive Groups
22.99,106.75,79.36,36.24,7.64,69.16,71,Moderate
1.13,51.36,17.96,11.14,0.22,53.48,16,Good
189.38,415.92,1185.95,552.83,21.58,110.52,300,Very Unhealthy
24.94,65.07,68.83,61.4,5.72,57.62,53,Moderate
224.88,397.65,874.07,432.36,18.04,130.17,263,Very Unhealthy
9.44,24.51,37.61,23.51,3.78,14.86,4,Good
166.66,369.21,850.27,356.37,29.06,176.77,208,Very Unhealthy
23.86,146.33,73.3,35.89,6.0,64.97,83,Moderate
89.84,271.5,510.16,286.89,13.33,102.01,186,Unhealthy
123.52,299.95,474.72,213.02,13.94,99.48,164,Unhealthy
130.66,332.91,418.25,243.98,12.73,86.12,165,Unhealthy
15.58,122.13,66.87,65.15,8.48,69.87,59,Moderate
88.93,307.78,566.31,300.87,15.17,96.07,161,Unhealthy
31.27,97.88,62.47,35.48,4.57,67.8,58,Moderate
116.94,315.18,376.99,248.82,14.95,94.18,197,Unhealthy
42.93,206.53,214.89,151.57,11.77,83.72,124,Unhealthy for Sensitive Groups
53.54,247.95,228.84,163.44,11.75,72.16,117,Unhealthy for Sensitive Groups
264.26,494.7,1867.64,979.02,49.49,410.1,337,Hazardous
235.83,382.86,732.22,472.56,29.83,157.29,284,Very Unhealthy
168.96,356.79,981.9,365.26,19.82,168.8,289,Very Unhealthy
19.92,103.43,91.88,55.39,6.91,62.82,98,Moderate
24.94,150.06,99.26,35.87,5.05,66.35,52,Moderate
10.99,6.47,12.91,5.27,1.91,35.22,18,Good
50.95,187.64,186.25,114.19,11.8,75.81,148,Unhealthy for Sensitive Groups
140.99,343.88,625.98,300.45,13.2,98.45,184,Unhealthy
48.35,203.25,254.46,176.5,11.9,72.82,101,Unhealthy for Sensitive Groups
135.93,297.8,648.22,262.76,15.36,92.92,169,Unhealthy
44.44,181.46,187.75,128.18,11.88,75.51,139,Unhealthy for Sensitive Groups
209.52,402.26,954.63,397.65,29.97,117.65,252,Very Unhealthy
172.09,370.08,914.83,521.02,29.86,160.56,274,Very Unhealthy
8.6,24.99,42.39,19.65,2.87,41.81,5,Good
53.9,208.29,279.57,111.33,11.84,82.06,136,Unhealthy for Sensitive Groups
22.94,93.51,73.98,53.66,5.86,64.13,65,Moderate
5.27,52.48,48.68,26.65,1.4,24.75,28,Good
289.51,492.04,1442.21,709.02,49.77,239.9,491,Hazardous
327.36,446.4,1829.09,931.4,40.58,234.05,431,Hazardous
53.38,250.98,350.74,113.08,10.91,75.58,136,Unhealthy for Sensitive Groups
7.97,2.35,21.67,2.35,1.8,13.19,33,Good
33.33,104.58,99.37,52.79,7.95,59.87,98,Moderate
5.63,50.38,2.13,1.7,3.19,22.64,22,Good
199.88,369.79,803.38,577.96,17.97,189.04,282,Very Unhealthy
38.41,246.29,148.54,140.96,11.44,77.15,123,Unhealthy for Sensitive Groups
41.85,176.0,323.52,96.43,12.04,80.41,104,Unhealthy for Sensitive Groups
44.06,229.8,259.8,79.1,12.37,75.45,107,Unhealthy for Sensitive Groups
22.0,138.84,96.85,55.1,8.16,67.41,87,Moderate
8.36,2.81,34.34,31.39,4.2,34.82,13,Good
34.48,126.98,87.47,65.55,7.09,66.34,100,Moderate
237.91,412.6,1167.29,587.34,25.02,128.82,211,Very Unhealthy
36.45,179.72,256.21,109.62,12.32,71.82,124,Unhealthy for Sensitive Groups
25.08,100.38,82.45,36.69,5.38,63.57,88,Moderate
178.85,383.52,752.29,529.95,23.0,147.82,279,Very Unhealthy
30.65,78.08,63.85,53.2,6.57,56.04,59,Moderate
9.87,43.42,47.54,34.46,2.57,51.3,30,Good
30.3,75.31,78.65,55.88,4.84,56.61,64,Moderate
68.62,348.96,419.26,206.77,12.46,102.04,179,Unhealthy
22.79,104.53,61.87,48.95,8.22,67.04,57,Moderate
30.61,137.66,94.46,49.76,5.16,58.76,90,Moderate
9.96,41.81,40.43,6.59,4.19,44.45,40,Good
150.92,418.85,678.84,444.56,19.11,124.64,251,Very Unhealthy
286.93,564.27,1325.7,618.88,48.02,454.91,432,Hazardous
74.93,313.11,606.95,206.46,15.34,93.6,169,Unhealthy
248.38,379.5,805.78,443.11,24.4,186.43,234,Very Unhealthy
40.71,208.84,297.85,95.98,11.5,73.58,126,Unhealthy for Sensitive Groups
498.11,490.35,1479.0,967.17,39.14,325.58,373,Hazardous
49.19,191.91,266.65,154.06,11.55,71.85,147,Unhealthy for Sensitive Groups
235.87,365.53,1010.25,410.4,19.94,190.96,280,Very Unhealthy
24.98,71.64,98.05,42.07,8.43,59.32,79,Moderate
43.91,186.05,125.01,151.34,11.98,78.18,144,Unhealthy for Sensitive Groups
171.81,400.09,981.41,305.76,23.37,109.46,252,Very Unhealthy
37.01,164.08,137.07,139.37,12.11,72.24,127,Unhealthy for Sensitive Groups
75.91,304.3,622.93,283.62,13.92,98.95,185,Unhealthy
3.15,45.93,1.32,21.03,3.5,35.29,17,Good
162.17,392.47,1206.93,429.0,21.4,181.15,212,Very Unhealthy
72.13,295.57,558.85,187.41,13.59,88.11,189,Unhealthy
45.02,175.68,335.77,165.18,10.7,83.3,102,Unhealthy for Sensitive Groups
96.9,316.68,462.7,292.33,14.77,103.41,194,Unhealthy
54.44,224.44,178.47,177.67,12.28,83.15,114,Unhealthy for Sensitive Groups
1.68,3.59,41.56,20.66,1.67,29.27,24,Good
46.64,165.85,325.96,152.45,11.06,82.07,150,Unhealthy for Sensitive Groups
48.06,233.73,355.38,109.99,11.53,84.83,118,Unhealthy for Sensitive Groups
172.39,366.26,830.6,436.87,21.17,189.32,235,Very Unhealthy
80.18,342.46,613.5,243.78,13.05,95.11,180,Unhealthy
18.54,84.3,94.74,65.52,8.25,58.52,99,Moderate
4.25,26.38,1.92,17.14,2.62,40.48,38,Good
33.7,91.83,64.14,52.64,6.81,63.06,52,Moderate
39.52,199.79,170.17,79.73,11.78,71.8,132,Unhealthy for Sensitive Groups
1.29,50.29,4.46,24.9,2.36,1.88,29,Good
26.99,133.3,86.5,53.56,6.47,68.08,67,Moderate
470.35,513.76,2022.39,874.94,32.18,420.45,385,Hazardous
2.89,6.58,23.75,14.49,3.3,21.22,19,Good
13.17,77.83,68.54,45.54,4.87,60.75,83,Moderate
225.77,366.21,1129.15,369.74,20.55,187.55,277,Very Unhealthy
50.46,157.99,281.53,139.92,9.56,83.46,134,Unhealthy for Sensitive Groups
42.63,252.13,338.18,154.25,9.41,79.4,126,Unhealthy for Sensitive Groups
13.46,74.06,97.23,72.17,5.67,63.09,78,Moderate
219.2,371.2,1177.21,393.44,28.31,164.54,225,Very Unhealthy
31.95,97.0,72.22,41.11,5.18,59.95,67,Moderate
67.32,336.77,616.54,191.22,13.13,90.67,180,Unhealthy
2.05,39.68,36.45,10.94,1.3,53.97,46,Good
81.02,304.03,596.1,202.93,14.84,103.12,165,Unhealthy
166.84,416.71,1243.84,551.99,29.13,123.22,210,Very Unhealthy
11.54,34.69,27.18,10.48,2.3,9.06,47,Good
14.47,130.0,99.32,46.18,8.17,65.85,94,Moderate
5.54,20.18,11.96,33.57,0.58,41.18,2,Good
37.12,228.78,156.05,137.18,9.46,83.31,132,Unhealthy for Sensitive Groups
33.41,101.94,75.01,35.87,6.1,67.42,67,Moderate
12.89,143.47,67.16,41.0,4.47,60.28,83,Moderate
52.9,195.04,206.52,95.77,11.26,73.96,129,Unhealthy for Sensitive Groups
7.8,25.97,19.73,15.15,3.72,6.04,2,Good
92.61,265.88,524.02,273.62,12.74,97.01,187,Unhealthy
9.1,16.25,34.78,27.21,0.22,48.19,13,Good
123.03,279.0,496.35,285.23,14.27,89.74,152,Unhealthy
4.9,9.43,25.13,20.12,0.1,32.95,5,Good
5.39,20.79,16.67,27.72,2.18,6.25,23,Good
14.23,94.74,80.27,47.49,6.49,61.93,96,Moderate
183.28,389.0,716.37,331.55,29.66,195.52,240,Very Unhealthy
43.57,218.32,283.59,89.58,11.09,71.87,114,Unhealthy for Sensitive Groups
3.19,28.95,48.82,5.44,0.2,43.07,38,Good
